r1,GACATCAATTCGAACAATCC,R
r2,TAACTTACCTGTATAGCACA,R
r3,TTATATACATCTTCCTGGCT,R
r4,AATATGTGGATCGGACTCTA,R
r5,ACCTAACTCCTATTCATACG,R
r6,CACACAAGCATGTTAGTCTT,R
r7,ATTATCGGTAACATCTGCAC,R
r8,TAACCAGTTCATTACGAAGG,R
r9,TTCTGCTTAATTCGCTAGAC,R
r10,AGAAGCCATATATTGGCCAA,R
r11,TCTATGGCTTAGATAACTCA,R
r12,CGAATGTAGAACAATAACAC,R
f1,AGAATATCTTAGACACTTGC,F
f2,TGTTCCGTATTGCTTAACAA,F
f3,ACTAATCCAGAGTTCTCAAG,F
f4,AGGTAACATGTGATCCGATA,F
f5,ATCATTGGTTGTGTGGAATC,F
f6,TCAAGTATGAGGAACACCAA,F
f7,CTTCACAATCATCACTCTCA,F
f8,AATTGTAGATTCTCTCCGCT,F
